current,average
50,50
50,50
3,34.33333
13.01664,29.00416
51.23576,33.45048
64.96693,38.70322
52.37183,40.65588
61.53373,43.26561
58.80866,44.99261
68.48111,47.34146
52.64531,47.82363
58.83137,48.74094
56.08322,49.30573
21.48613,47.31861
59.07471,48.10236
69.48936,49.43904
62.51001,50.20792
61.62361,50.84213
69.77402,51.83855
46.30746,51.56199
68.89749,52.38749
34.19743,51.56067
